Identity,OMURL,S.P.,NMURL ,MSC
UR28M,https://jp.mercari.com/search?keyword=UR28M&price_max=10000&order=desc&sort=created_time&exclude_keyword=%E3%82%B8%E3%83%A3%E3%83%B3%E3%82%AF%20%E9%9B%A3%E3%81%82%E3%82%8A%20%E5%8B%95%E4%BD%9C%E6%9C%AA%E7%A2%BA%E8%AA%8D%20%E8%A8%B3%E3%81%82%E3%82%8A&price_min=5000&item_condition_id=3%2C5%2C4,"¥10,000",,
XDP-300R,https://jp.mercari.com/search?keyword=XDP-300R&item_condition_id=3%2C4%2C5%2C1%2C2&price_min=9000&exclude_keyword=%E3%82%B8%E3%83%A3%E3%83%B3%E3%82%AF%20%E9%9B%A3%E3%81%82%E3%82%8A%20%E5%8B%95%E4%BD%9C%E6%9C%AA%E7%A2%BA%E8%AA%8D%20%E8%A8%B3%E3%81%82%E3%82%8A&sort=created_time&order=desc&price_max=15000,"¥15,000",,
Switch Fortnite Special Set - w/box,https://jp.mercari.com/search?keyword=Switch%20%E3%83%95%E3%82%A9%E3%83%BC%E3%83%88%E3%83%8A%E3%82%A4%E3%83%88%20Special%E3%82%BB%E3%83%83%E3%83%88&item_condition_id=3%2C4%2C5&price_max=21500&price_min=17000&exclude_keyword=%E3%82%B8%E3%83%A3%E3%83%B3%E3%82%AF%20%E9%9B%A3%E3%81%82%E3%82%8A%20%E5%8B%95%E4%BD%9C%E6%9C%AA%E7%A2%BA%E8%AA%8D%20%E8%A8%B3%E3%81%82%E3%82%8A&sort=created_time&order=desc,"¥21,500",,
Astell & Kern SR15,https://jp.mercari.com/search?keyword=Astell%20Kern%20SR15&price_min=5000&item_condition_id=3%2C4%2C5&exclude_keyword=ak70%20%E3%82%B8%E3%83%A3%E3%83%B3%E3%82%AF%20%E9%9B%A3%E3%81%82%E3%82%8A%20%E5%8B%95%E4%BD%9C%E6%9C%AA%E7%A2%BA%E8%AA%8D%20%E8%A8%B3%E3%81%82&sort=created_time&order=desc&price_max=18500,"¥18,500",,
Astell & Kern SA700,https://jp.mercari.com/search?keyword=Astell%20Kern%20SA700&price_min=5000&item_condition_id=3%2C4%2C5&exclude_keyword=ak70%20%E3%82%B8%E3%83%A3%E3%83%B3%E3%82%AF%20%E9%9B%A3%E3%81%82%E3%82%8A%20%E5%8B%95%E4%BD%9C%E6%9C%AA%E7%A2%BA%E8%AA%8D%20%E8%A8%B3%E3%81%82&sort=created_time&order=desc&price_max=41500,"¥41,500",,
Astell Kern AK100II,https://jp.mercari.com/search?keyword=Astell%20Kern%20AK100II&price_max=15000&price_min=5000&item_condition_id=3%2C4%2C5&exclude_keyword=ak70%20%E3%82%B8%E3%83%A3%E3%83%B3%E3%82%AF%20%E9%9B%A3%E3%81%82%E3%82%8A%20%E5%8B%95%E4%BD%9C%E6%9C%AA%E7%A2%BA%E8%AA%8D%20%E8%A8%B3%E3%81%82&sort=created_time&order=desc,"¥15,000",,
ASRock  Thunderbolt 3 AIC,https://jp.mercari.com/search?keyword=ASRock%20Thunderbolt3%20AIC&price_max=14500&item_condition_id=1%2C2%2C3%2C4%2C5&order=desc&sort=created_time&exclude_keyword=%E3%82%B8%E3%83%A3%E3%83%B3%E3%82%AF%20%E9%9B%A3%E3%81%82%E3%82%8A%20%E5%8B%95%E4%BD%9C%E6%9C%AA%E7%A2%BA%E8%AA%8D%20%E8%A8%B3%E3%81%82%E3%82%8A%20%E3%82%B8%E3%83%A3%E3%83%B3%E3%82%AF%E5%93%81%20z370%20z390%20z590%204&status=sold_out%7Ctrading&price_min=7000,"¥12,000",,
Yagami Death Note,https://jp.mercari.com/search?keyword=death%20note%20%E8%85%95%E6%99%82%E8%A8%88&price_max=23000&order=desc&sort=created_time&item_condition_id=3%2C4%2C5&exclude_keyword=%E3%82%B8%E3%83%A3%E3%83%B3%E3%82%AF%20%E9%9B%A3%E3%81%82%E3%82%8A%20%E5%8B%95%E4%BD%9C%E6%9C%AA%E7%A2%BA%E8%AA%8D%20%E8%A8%B3%E3%81%82%E3%82%8A%20%E3%82%B8%E3%83%A3%E3%83%B3%E3%82%AF%E5%93%81&status=sold_out%7Ctrading&price_min=10000,"¥23,000",,
NW-ZX2,https://jp.mercari.com/search?keyword=NW-ZX2&item_condition_id=1%2C2%2C3%2C4%2C5&order=desc&sort=created_time&exclude_keyword=%E3%82%B8%E3%83%A3%E3%83%B3%E3%82%AF%20%E9%9B%A3%E3%81%82%E3%82%8A%20%E5%8B%95%E4%BD%9C%E6%9C%AA%E7%A2%BA%E8%AA%8D%20%E8%A8%B3%E3%81%82%E3%82%8A%20%E3%82%B8%E3%83%A3%E3%83%B3%E3%82%AF%E5%93%81%202.5mm%20zx300&status=on_sale%2Csold_out%7Ctrading&price_max=19000&price_min=10500,"¥19,000",,
Sennheiser IE800, "¥10,000" ,,
Switch Dialga & Palkia - Console only,https://jp.mercari.com/search?keyword=%20Switch%20Lite%20%E3%83%87%E3%82%A3%E3%82%A2%E3%83%AB%E3%82%AC%E3%83%BB%E3%83%91%E3%83%AB%E3%82%AD%E3%82%A2&price_max=14000&item_condition_id=1%2C2%2C3%2C4%2C5&price_min=8000&sort=created_time&order=desc&exclude_keyword=%E3%82%B8%E3%83%A3%E3%83%B3%E3%82%AF%20%E9%9B%A3%E3%81%82%E3%82%8A%20%E5%8B%95%E4%BD%9C%E6%9C%AA%E7%A2%BA%E8%AA%8D%20%E8%A8%B3%E3%81%82%E3%82%8A%20%E3%82%B8%E3%83%A3%E3%83%B3%E3%82%AF%20%E4%B8%8D%E8%89%AF,"¥14,000",,
Switch Dialga & Palkia - w/box,https://jp.mercari.com/search?keyword=%20Switch%20Lite%20%E3%83%87%E3%82%A3%E3%82%A2%E3%83%AB%E3%82%AC%E3%83%BB%E3%83%91%E3%83%AB%E3%82%AD%E3%82%A2&item_condition_id=1%2C2%2C3%2C4%2C5&price_min=8000&price_max=17000&sort=created_time&order=desc&exclude_keyword=%E3%82%B8%E3%83%A3%E3%83%B3%E3%82%AF%20%E9%9B%A3%E3%81%82%E3%82%8A%20%E5%8B%95%E4%BD%9C%E6%9C%AA%E7%A2%BA%E8%AA%8D%20%E8%A8%B3%E3%81%82%E3%82%8A%20%E3%82%B8%E3%83%A3%E3%83%B3%E3%82%AF%20%E4%B8%8D%E8%89%AF,"¥17,000",,
BBF100-9,https://jp.mercari.com/search?keyword=BBF100-9%20blackberry&price_max=39000&price_min=10000&order=desc&sort=created_time&exclude_keyword=%E3%82%B8%E3%83%A3%E3%83%B3%E3%82%AF%20%E9%9B%A3%E3%81%82%E3%82%8A%20%E5%8B%95%E4%BD%9C%E6%9C%AA%E7%A2%BA%E8%AA%8D%20%E8%A8%B3%E3%81%82%E3%82%8A%20%E3%82%B8%E3%83%A3%E3%83%B3%E3%82%AF%E5%93%81&item_condition_id=1%2C2%2C3%2C4%2C5&status=on_sale%2Csold_out%7Ctrading,"¥39,000",,
Reon Pocket 4,https://jp.mercari.com/search?keyword=SONY%20REON%20POCKET%204%20&price_min=5000&order=desc&sort=created_time&exclude_keyword=%E3%82%B8%E3%83%A3%E3%83%B3%E3%82%AF%20%E9%9B%A3%E3%81%82%E3%82%8A%20%E5%8B%95%E4%BD%9C%E6%9C%AA%E7%A2%BA%E8%AA%8D%20%E8%A8%B3%E3%81%82%E3%82%8A%20%E3%82%B8%E3%83%A3%E3%83%B3%E3%82%AF%E5%93%81%202%203&price_max=9500&item_condition_id=3%2C4,"¥9,500",,
Reon Pocket 4 - new,https://jp.mercari.com/search?keyword=SONY%20REON%20POCKET%204%20&price_min=5000&order=desc&sort=created_time&item_condition_id=1&exclude_keyword=tag%20%E3%82%B8%E3%83%A3%E3%83%B3%E3%82%AF%20%E9%9B%A3%E3%81%82%E3%82%8A%20%E5%8B%95%E4%BD%9C%E6%9C%AA%E7%A2%BA%E8%AA%8D%20%E8%A8%B3%E3%81%82%E3%82%8A%20%E3%82%B8%E3%83%A3%E3%83%B3%E3%82%AF%E5%93%81%202%203&price_max=12000,"¥14,000",,
NW-WS623,https://jp.mercari.com/search?keyword=NW-WS623&price_max=5000&status=on_sale%2Csold_out%7Ctrading&order=desc&sort=created_time&exclude_keyword=%E3%82%B8%E3%83%A3%E3%83%B3%E3%82%AF%20%E9%9B%A3%E3%81%82%E3%82%8A%20%E5%8B%95%E4%BD%9C%E6%9C%AA%E7%A2%BA%E8%AA%8D%20%E8%A8%B3%E3%81%82%E3%82%8A%20%E3%82%B8%E3%83%A3%E3%83%B3%E3%82%AF%E5%93%81&item_condition_id=3%2C4%2C5&price_min=3000,"¥5,000",,
Kenwood TS-50S,https://jp.mercari.com/search?keyword=Kenwood%20TS-50S&exclude_keyword=TS-570S%20AT-130%20TS-690S%2BAT%20TS-690SAT%20TS-680S%20%E3%82%B8%E3%83%A3%E3%83%B3%E3%82%AF%20%E9%9B%A3%E3%81%82%E3%82%8A%20%E5%8B%95%E4%BD%9C%E6%9C%AA%E7%A2%BA%E8%AA%8D%20%E8%A8%B3%E3%81%82%E3%82%8A&price_min=15000&price_max=40000&item_condition_id=2%2C4%2C5%2C3,"¥42,000",,
Tascam 244,https://jp.mercari.com/search?keyword=Tascam%20244&order=desc&sort=created_time&exclude_keyword=CD-200%20%E3%82%B8%E3%83%A3%E3%83%B3%E3%82%AF%20%E9%9B%A3%E3%81%82%E3%82%8A%20%E5%8B%95%E4%BD%9C%E6%9C%AA%E7%A2%BA%E8%AA%8D%20%E8%A8%B3%E3%81%82%E3%82%8A&price_min=15000&price_max=48000&item_condition_id=2%2C4%2C5%2C3,"¥48,000",,
YAMAHA A-S301,https://jp.mercari.com/search?keyword=YAMAHA%20A-S301&item_condition_id=2%2C4%2C5%2C3&price_max=22500&price_min=15000&exclude_keyword=%E3%82%B8%E3%83%A3%E3%83%B3%E3%82%AF%20%E9%9B%A3%E3%81%82%E3%82%8A%20%E5%8B%95%E4%BD%9C%E6%9C%AA%E7%A2%BA%E8%AA%8D%20%E8%A8%B3%E3%81%82%E3%82%8A&sort=created_time&order=desc,"¥22,500",,
Korg D1600,https://jp.mercari.com/search?keyword=Korg%20D1600&order=desc&sort=created_time&price_min=5000&price_max=15000&item_condition_id=2%2C4%2C5%2C3&exclude_keyword=MkII%20D1600MK%E2%85%A1%20%E3%82%B8%E3%83%A3%E3%83%B3%E3%82%AF%20%E9%9B%A3%E3%81%82%E3%82%8A%20%E5%8B%95%E4%BD%9C%E6%9C%AA%E7%A2%BA%E8%AA%8D%20%E8%A8%B3%E3%81%82%E3%82%8A,"¥15,000",,
Yamaha AW16G,https://jp.mercari.com/search?keyword=Yamaha%20AW16G&order=desc&sort=created_time&price_min=5000&price_max=16000&item_condition_id=2%2C4%2C5%2C3&exclude_keyword=RMX%20%E3%82%B8%E3%83%A3%E3%83%B3%E3%82%AF%20%E9%9B%A3%E3%81%82%E3%82%8A%20%E5%8B%95%E4%BD%9C%E6%9C%AA%E7%A2%BA%E8%AA%8D%20%E8%A8%B3%E3%81%82%E3%82%8A,"¥16,000",,